Month,Total P/L %,Average P/L %,Winning Trades,Total Trades,Win Rate %
2024-02,3.011730852495746,0.6023461704991492,4,5,80.0
2024-03,-0.3908636739212828,-0.0977159184803207,1,4,25.0
2024-04,0.08741011152853684,0.01748202230570737,2,5,40.0
2024-05,0.5216606973071691,0.13041517432679228,1,4,25.0
2024-06,0.1428152184499233,0.023802536408320547,3,6,50.0
2024-07,0.17520280049962275,0.021900350062452844,5,8,62.5
2024-08,-1.7681298062272104,-0.25258997231817293,1,7,14.29
